use surno;

ALTER TABLE PAQUETES
DROP CONSTRAINT ESTADO_ENTREGADO;

INSERT INTO users (user, password, rol, email) VALUES
('usuario1', 'contraseña1', 0, 'mail1@mail.com'),
('usuario2', 'contraseña2', 1, 'mail2@mail.com'),
('usuario3', 'contraseña3', 2, 'mail3@mail.com'),
('usuario4', 'contraseña4', 0, 'mail4@mail.com'),
('usuario5', 'contraseña5', 1, 'mail5@mail.com'),
('usuario6', 'contraseña6', 2, 'mail6@mail.com');


INSERT INTO CAMIONEROS (CI, nombre, baja) VALUES
('12345678', 'Juan Perez', 0),
('23456789', 'Maria Gomez', 0),
('34567890', 'Pedro Lopez', 0),
('45678901', 'Ana Martinez', 0),
('56789012', 'Carlos Rodriguez', 0),
('67890123', 'Laura Hernandez', 0),
('12341234', 'Alejandro Gonzalez', 0),
('23452345', 'Isabel Lopez', 0),
('34563456', 'Pablo Fernandez', 0),
('45674567', 'Carolina Gomez', 0),
('54321098', 'Andres Ramirez', 0),
('65432109', 'Eva Vargas', 0),
('54321087', 'Fernando Torres', 0),
('43210987', 'Carmen Sanchez', 0),
('32109876', 'Luis Mendoza', 0),
('65432108', 'Maria Jimenez', 0),
('54321086', 'Diego Paredes', 0),
('43210986', 'Sofia Guerrero', 0),
('32109875', 'Javier Luna', 0),
('65432107', 'Valentina Cabrera', 0);

INSERT INTO VEHICULOS (matricula, peso_max, es_operativo, baja) VALUES
('ABC1234', 2000, 0, 0),
('DEF5678', 2500, 1, 0),
('GHI9012', 1800, 1, 0),
('JKL3456', 2100, 1, 0),
('MNO7890', 2200, 1, 0),
('PQR1234', 1900, 1, 0),
('STU5678', 2600, 1, 0),
('VWX9012', 2400, 1, 0),
('YZA3456', 2300, 1, 0),
('BCD7890', 2100, 1, 0),
('EFG1234', 2000, 1, 0),
('HIJ5678', 1900, 1, 0),
('KLM9012', 1800, 1, 0),
('NOP3456', 500, 1, 0),
('QRS7890', 2700, 1, 0),
('TUV1234', 2300, 0, 0),
('WXY3367', 2100, 1, 0),
('ABD2399', 2000, 1, 0),
('CDE3450', 1900, 1, 0),
('FGH6789', 1800, 1, 1);


INSERT INTO CAMIONES (matricula)
VALUES
('ABC1234'),
('DEF5678'),
('GHI9012'),
('JKL3456'),
('MNO7890'),
('PQR1234');

INSERT INTO CAMIONETAS (matricula)
VALUES
('STU5678'),
('VWX9012'),
('YZA3456'),
('BCD7890'),
('EFG1234'),
('HIJ5678'),
('KLM9012'),
('NOP3456'),
('QRS7890'),
('TUV1234'),
('WXY3367'),
('ABD2399'),
('CDE3450'),
('FGH6789');


INSERT INTO CONDUCEN (matricula, CI, desde, hasta) values
('STU5678' ,'12341234' ,'2023-04-27 14:01:26' ,'2023-05-31 12:48:25' ),
('ABC1234' ,'12345678' ,'2023-04-05 14:01:26' ,'2023-06-13 14:01:26' ),
('DEF5678' ,'23456789' ,'2023-04-24 13:17:29' ,'2023-06-29 13:17:29' ),
('ABC1234' ,'12345678' ,'2023-09-05 14:01:26' ,'2023-09-13 14:01:26' ),
('DEF5678' ,'23456789' ,'2023-07-24 13:17:29' ,'2023-08-29 13:17:29' ),
('GHI9012' ,'34567890' ,'2023-07-29 18:12:12' ,'2023-09-01 18:12:12' ),
('JKL3456' ,'45678901' ,'2023-08-27 06:03:14' ,'2023-09-15 06:03:14' ),
('MNO7890' ,'56789012' ,'2023-08-26 16:18:09' ,'2023-09-01 16:18:09' ),
('PQR1234' ,'67890123' ,'2023-08-12 20:07:10' ,'2023-08-27 20:07:10' ),
('STU5678' ,'12341234' ,'2023-08-08 03:48:25' ,'2023-08-25 03:48:25' ),
('VWX9012' ,'23452345' ,'2023-08-30 20:53:28' ,'2023-08-30 20:53:28' ),
('YZA3456' ,'34563456' ,'2023-07-26 12:11:12' ,'2023-08-26 12:11:12' ),
('BCD7890' ,'45674567' ,'2023-08-18 05:18:24' ,null ),
('EFG1234' ,'54321098' ,'2023-08-09 05:05:36' ,null ),
('HIJ5678' ,'65432109' ,'2023-08-13 23:16:22' ,null ),
('KLM9012' ,'54321087' ,'2023-07-24 00:18:07' ,null ),
('NOP3456' ,'43210987' ,'2023-08-11 02:40:35' ,null ),
('QRS7890' ,'32109876' ,'2023-08-05 18:07:43' ,null ),
('TUV1234' ,'65432108' ,'2023-09-10 07:31:15' ,null ), 
('WXY3367' ,'54321086' ,'2023-09-11 06:43:39' ,null ),
('ABD2399' ,'43210986' ,'2023-09-11 12:41:15' ,null ),
('CDE3450' ,'32109875' ,'2023-08-03 22:05:06' ,null ),
('FGH6789' ,'65432107' ,'2023-04-02 17:42:11' ,null ),
('ABC1234' ,'23456789' ,'2023-09-14 14:01:26' ,'2023-09-15 14:01:26' ),
('DEF5678' ,'12345678' ,'2023-09-14 13:17:29' ,'2023-09-15 13:17:29' ),
('GHI9012' ,'34563456' ,'2023-09-01 18:12:12' ,'2023-09-12 18:12:12' ),
('YZA3456' ,'34567890' ,'2023-09-03 12:11:12' ,null ),
('MNO7890' ,'67890123' ,'2023-09-01 17:18:09' ,null ),
('PQR1234' ,'56789012' ,'2023-04-12 20:07:10' ,null );

INSERT INTO TRONCALES (nombre, baja) VALUES
('Troncal 1', 0),
('Troncal 2', 0),
('Troncal 3', 0),
('Troncal 4', 0),
('Troncal 5', 0),
('Troncal 6', 0),
('Troncal 7', 1);

INSERT INTO `ALMACENES` (`ID`, `nombre`, `direccion`, `longitud`, `latitud`, `baja`) VALUES
(1, 'Almacén 1', 'Calle A 123', -56.1949, -34.9109, b'0'),
(2, 'Almacén 2', 'Calle B 456', -56.2821, -34.5224, b'0'),
(3, 'Almacén 3', 'Calle C 789', -56.8973, -33.5137, b'0'),
(4, 'Almacén 4', 'Calle D 101', -56.7068, -34.3392, b'0'),
(5, 'Almacén 5', 'Calle E 202', -57.807, -34.4452, b'0'),
(6, 'Almacén 6', 'Calle F 303', -54.9587, -34.906, b'0'),
(7, 'Almacén 7', 'Calle G 404', -55.9865, -31.7176, b'0'),
(8, 'Almacén 8', 'Calle H 505', -56.2167, -34.0974, b'0'),
(9, 'Almacén 9', 'Calle I 606', -54.382, -33.2331, b'0'),
(10, 'Almacén 10', 'Calle J 707', -55.2375, -34.3747, b'0'),
(11, 'Almacén 11', 'Calle K 808', -54.3358, -34.4788, b'0'),
(12, 'Almacén 12', 'Calle L 909', -54.1617, -32.3696, b'0'),
(13, 'Almacén 13', 'Calle M 010', -57.9552, -31.3899, b'0'),
(14, 'Almacén 14', 'Calle N 111', -56.4794, -30.4094, b'0'),
(15, 'Almacén 15', 'Calle O 212', -58.0612, -32.3141, b'0'),
(16, 'Almacén 16', 'Calle P 313', -56.15738, -34.92371, b'0'),
(17, 'Almacén 17', 'Calle Q 414', -56.15235, -34.91862, b'0'),
(18, 'Almacén 18', 'Calle R 515', -56.19272, -34.91068, b'0'),
(19, 'Almacén 19', 'Calle S 616', -56.21064, -34.9094, b'0'),
(20, 'Almacén 20', 'Calle T 717', -56.2048, -34.90368, b'0'),
(21, 'Almacén 21', 'Calle U 515', -58.0362, -33.2524, b'0'),
(22, 'Almacén 22', 'Calle V 616', -54.3837, -33.227, b'0'),
(23, 'Almacén 23', 'Calle X 717', -57.6279, -32.7038, b'0'),
(24, 'Almacén 24', 'Calle Y 717', -56.18581, -34.89437, b'0');

INSERT INTO ALMACENES_PROPIOS (ID) VALUES (1), (2), (3), (4), (5), (6), (7), (8), (9), (10), (11), (12), (13), (14), (15),(21),(22),(23);

INSERT INTO ORDENES (ID_troncal,ID_almacen,orden) VALUES
(1	,9	,1),
(1	,6	,2),
(1	,12	,3),
(1	,11	,4),
(1	,14	,5),
(1	,2	,6),
(2	,9	,1),
(2	,13	,2),
(2	,3	,3),
(2	,1	,4),
(2	,7	,5),
(2	,11	,6),
(2	,5	,7),
(2	,8	,8),
(2	,6	,9),
(2	,12	,10),
(3	,3	,1),
(3	,14	,2),
(3	,7	,3),
(3	,12	,4),
(3	,1	,5),
(3	,13	,6),
(3	,6	,7),
(4	,3	,1),
(4	,7	,2),
(4	,2	,3),
(4	,8	,4),
(4	,15	,5),
(5	,9	,1),
(5	,1	,2),
(5	,2	,3),
(5	,3	,4),
(5	,4	,5),
(5	,5	,6),
(5	,6	,7),
(6	,9	,1),
(6	,1	,2),
(6	,2	,3),
(6	,3	,4),
(7	,23	,1),
(7	,22	,2),
(7	,21 ,3),
(7	,8  ,4),
(7	,6  ,5),
(7	,4	,6),
(7	,2	,7);

INSERT INTO CLIENTES (RUT, nombre, baja) VALUES
('213456789012', 'Crecom', 0),
('987654321012', 'EcoShop', 0),
('456789123012', 'SuperTienda', 1);

INSERT INTO ALMACENES_CLIENTES (RUT, ID) VALUES
('213456789012', 16),
('213456789012', 17),
('213456789012', 18),
('987654321012', 19),
('456789123012', 20);

INSERT INTO PAQUETES (ID_almacen, fecha_registrado, ID_pickup, direccion, peso, fecha_entregado, mail, estado,cedula) VALUES
(16, '2023-09-15 07:37:40', 2 ,'Calle 123, florida', 1000, NULL, 'correo1@example.com',1,'47283726'), -- 1 ok
(16, '2023-09-14 07:34:40', 11,'Calle 456, punta del este', 2500, NULL, 'correo2@example.com',1,'47283726'),  -- 2 ok
(16, '2023-09-14 23:32:40', 2 ,'Calle 789, chuy', 1200, NULL,	'correo3@example.com',1,'47283726'), -- 3 ok
(16, '2023-08-26 16:28:20', 4 ,'Calle 101, melo', 800, NULL, 'correo4@example.com',1,'47283726'), -- 4 ok
(16, '2023-05-04 05:25:35', 11,'Calle 202, melo', 2400, '2023-05-12 14:22:00', 'correo5@example.com',0,'47283726'), -- 5 ok
(16, '2023-05-10 17:06:01', 11,'Calle 404, melo', 1300, '2023-05-12 16:26:00', 'correo6@example.com',0,'47283726'), -- 6 ok
(16, '2023-08-27 18:22:58', 1 ,'Calle 303, salto', 2100, '2023-09-01 14:01:00', 'correo7@example.com',0,'47283726'), -- 7 ok
(16, '2023-07-23 05:37:47', 8 ,'Calle 505, canelones', 900, NULL, 'correo8@example.com',1,'47283726'), -- 8 ok
(16, '2023-09-11 01:38:22', 7 ,'Calle 606, montevideo', 2600,	NULL, 'correo9@example.com',1,'47283726'), -- 9 ok
(16, '2023-08-13 04:06:42', 12,'Calle 707, montevideo', 700,	'2023-08-16 12:54:42', 'correo10@example.com',0,'47283726'), -- 10 ok
(17, '2023-08-02 04:22:08', 14,'Calle 808, colonia del sacramento', 1800, NULL, 'correo11@example.com',1,'47283726'), -- 11 ok
(18, '2023-08-29 11:42:52', 5 ,null, 1100, null, 'correo13@example.com',1,'47283726'), -- 12 ok 
(18, '2023-09-05 10:42:49', 5 ,null, 1500, '2023-09-15 16:34:14', 'correo12@example.com',0,'47283726'), -- 13 ok
(18, '2023-07-30 05:22:07', 4,'Calle 111, montevideo', 1400, '2023-08-01 05:22:07',	'correo14@example.com',0,'47283726'), -- 14 ok
(19, '2023-09-13 23:29:45', 5,'Calle 212, montevideo', 900,	NULL, 'correo15@example.com',1,'47283726'), -- 15 ok
(19, '2023-08-28 23:54:46', 7,'Calle 313, montevideo', 1700, NULL, 'correo16@example.com',1,'47283726'), -- 16
(20, '2023-07-29 19:17:39', 8,'Calle 414, minas',	1200,	NULL, 'correo17@example.com',1,'47283726'), -- 17
(20, '2023-07-29 19:18:39', 8, null , 1200, NULL,	'correo18@example.com',1,'47283726'), -- 18
(20, '2023-09-20 12:18:39', 14, 'Calle 413, florida' , 1200, NULL,	'correo19@example.com',1,'47283726'); -- 18

INSERT INTO TRAE (ID_paquete, matricula,fecha_asignado,fecha_carga, fecha_descarga) VALUES
(1,'NOP3456','2023-09-17 09:30:40','2023-09-17 09:37:40','2023-09-17 12:23:40'),
(2,'NOP3456','2023-09-17 09:30:40','2023-09-17 09:38:40','2023-09-17 12:24:40'),
(3,'NOP3456','2023-09-17 09:30:40','2023-09-17 09:39:40','2023-09-17 12:25:40'),

(4,'DEF5678','2023-08-27 10:40:20','2023-08-27 10:48:20', null),

(5,'ABC1234','2023-05-11 08:20:35','2023-05-11 08:25:35','2023-05-11 13:15:35'),
(6,'ABC1234','2023-05-11 08:20:30','2023-05-11 08:26:35','2023-05-11 13:16:35'),

(7,'QRS7890','2023-08-29 08:40:00','2023-08-29 08:47:00','2023-08-29 10:17:00'),

(9,'QRS7890','2023-09-12 11:20:22','2023-09-12 11:28:22','2023-09-12 15:26:22'),
(10,'CDE3450','2023-08-14 08:50:42','2023-08-14 08:56:42','2023-08-14 12:54:42'),
(11,'YZA3456','2023-08-04 10:20:08','2023-08-04 10:22:08','2023-08-4 14:23:08'),
(12,'EFG1234','2023-09-03 11:50:52','2023-09-03 11:56:52','2023-09-04 15:32:42'),
(13,'MNO7890','2023-09-07 08:20:49','2023-09-07 08:23:49','2023-09-07 11:45:49'),

(14,'GHI9012','2023-08-02 12:20:07','2023-08-02 12:22:07','2023-08-02 16:13:07'),

(17,'GHI9012','2023-07-30 10:43:39','2023-07-30 12:43:39','2023-07-30 16:13:07'),
(18,'GHI9012','2023-07-30 12:40:45','2023-07-30 12:44:45','2023-07-30 16:14:34'),
(19,'GHI9012','2023-09-22 11:10:39','2023-09-22 11:18:39',null);


INSERT INTO LOTES (ID_troncal,ID_almacen,fecha_creacion,fecha_pronto,fecha_cerrado, tipo) values 
/* 1 */(4,15,'2023-09-17 12:23:40','2023-09-17 13:23:40','2023-09-18 10:50:40', 0), -- 1,2,3
/* 2 */(1,2,'2023-09-18 10:45:40','2023-09-18 11:20:40',null,0), -- 2

/* 3 */(1,2,'2023-05-11 13:10:35','2023-05-11 15:15:35','2023-05-12 11:40:40',0), -- 5 , 6

/* 4 */(6,9,'2023-08-29 14:26:35', '2023-08-29 18:24:00','2023-08-31 15:24:00',0), -- 7

/* 5 */(5,4,'2023-08-4 14:23:08', '2023-08-5 14:23:08', null,0), -- 11

/* 6 */(1,14, '2023-09-04 15:32:42', '2023-09-07 11:45:49', '2023-09-10 15:32:42',0), -- 12 13
/* 7 */(1,2, '2023-09-10 15:32:47', '2023-09-11 08:45:21', '2023-09-12 10:57:14',0),
/* 8 */(2,5, '2023-09-12 10:57:14', null, null,1),

/* 9 */(5,3, '2023-08-02 16:13:07', '2023-08-03 08:04:07', '2023-08-06 15:13:07',0), -- 14

/* 10 */(4,15, '2023-07-30 16:12:07', '2023-07-31 09:23:31', '2023-08-02 13:23:42',0), -- 17 18
/* 11 */(4,8, '2023-07-30 16:12:07', null, null,1);-- 18


INSERT INTO DESTINO_LOTE (ID_lote,ID_troncal,ID_almacen) VALUES
(1,4,2),
(2,2,11),
(3,1,11),
(4,6,1),
(5,1,2),
(6,1,2),
(7,2,5),
(9,5,4),
(10,4,8);

INSERT INTO PAQUETES_LOTES(ID_lote,ID_paquete,desde) VALUES
(1,1,'2023-09-17 12:27:40'),
(1,2,'2023-09-17 12:27:40'),
(1,3,'2023-09-17 12:27:40'),
(2,2,'2023-09-18 10:50:41'),

(3,5,'2023-05-11 13:16:35'),
(3,6,'2023-05-11 13:16:50'),

(4,7,'2023-08-29 14:26:35'),

(5,11,'2023-08-4 14:23:08'),

(6,12,'2023-09-04 15:32:42'),
(6,13,'2023-09-07 11:45:49'),
(7,12,'2023-09-10 15:32:47'),
(7,13,'2023-09-10 15:32:47'),
(8,12,'2023-09-12 11:45:14'),
(8,13,'2023-09-12 11:45:14'),

(9,14,'2023-08-02 16:13:07'),

(10,17,'2023-07-30 16:13:07'),
(10,18,'2023-07-30 16:14:34'),
(11,18,'2023-08-02 13:03:42');

INSERT INTO LLEVA (ID_lote,matricula,fecha_asignado,fecha_carga,fecha_descarga) values
(1,'MNO7890', '2023-09-18 07:20:40','2023-09-18 07:27:40','2023-09-18 10:40:40'),
(2,'PQR1234', '2023-09-18 12:40:40','2023-09-18 12:45:40', NULL),
(3,'DEF5678', '2023-05-12 07:10:35','2023-05-12 07:15:35','2023-05-12 11:23:40'),
(4,'GHI9012', '2023-08-31 10:04:00','2023-08-31 10:24:00','2023-08-31 14:24:00'),
(5,'PQR1234', '2023-08-06 14:20:08','2023-08-06 14:23:08',null),
(6,'MNO7890', '2023-09-10 10:20:22','2023-09-10 10:29:22','2023-09-10 15:07:42'),
(7,'JKL3456', '2023-09-12 08:10:42','2023-09-12 08:13:42','2023-09-12 10:41:51'),
(9,'DEF5678', '2023-08-06 10:03:07','2023-08-06 10:13:07','2023-08-06 15:05:07'),
(10,'GHI9012', '2023-08-02 10:03:32','2023-08-02 10:23:32','2023-08-02 13:03:42');

INSERT INTO REPARTE (ID_paquete, matricula,fecha_asignado,fecha_carga, fecha_descarga) VALUES
(3,'KLM9012','2023-09-18 12:00:00','2023-09-18 12:05:00', null),
(5,'STU5678','2023-05-12 12:50:00','2023-05-12 12:56:00', '2023-05-12 14:22:00'),
(6,'STU5678','2023-05-12 12:40:00','2023-05-12 12:47:00', '2023-05-12 16:26:00'),
(7,'BCD7890','2023-09-01 10:00:00','2023-09-01 10:20:00', '2023-09-01 14:01:00'),
(10,'QRS7890','2023-08-16 09:50:42','2023-08-16 09:54:42', '2023-08-16 12:54:42'),
(14,'QRS7890','2023-08-07 09:40:07','2023-08-07 09:45:07', '2023-08-07 12:22:42');

-- update PAQUETES set estado=0 where id in (select ID from PAQUETES where fecha_entregado is not null);
ALTER TABLE PAQUETES
    ADD CONSTRAINT ESTADO_ENTREGADO CHECK ((fecha_entregado is not null AND estado = 0) or (fecha_entregado is null AND estado != 0));
